date,location,change
2020-09-25,Dublin 11,-7.06
2020-09-25,Waterford,-10.0
2020-09-25,Cork City,-3.05
2020-09-25,Meath,-2.89
2020-09-25,Louth,-4.27
2020-09-25,Louth,-2.9
2020-09-25,Limerick City,11.11
2020-09-25,Mayo,-6.25
2020-09-25,Wicklow,-2.78
2020-09-25,Co. Mayo,-8.0
2020-09-25,Wicklow,-18.18
2020-09-25,West Cork,-9.55
2020-09-25,Dublin 5,7.14
2020-09-25,West Cork,-20.8
2020-09-25,Co. Kildare,7.5
2020-09-24,Co. Limerick,-5.77
2020-09-24,P51 XY10,-5.14
2020-09-24,P51 C9E2,-11.65
2020-09-24,Wexford,5.26
2020-09-24,County Down,-47.83
2020-09-24,Cavan,10.0
2020-09-24,Dublin 4,-8.33
2020-09-24,Dublin 5,-3.45
2020-09-24,Roscommon,-16.67
2020-09-24,Wexford,-10.91
2020-09-24,Donegal,-5.78
2020-09-24,Louth,-1.8
2020-09-24,County Dublin,-5.08
2020-09-24,E32X761,8.0
2020-09-24,Y35 H5X2,-10.61
2020-09-24,Mayo,-4.4
2020-09-24,Co. Kildare,-3.86
2020-09-24,Greenpark West,-4.76
2020-09-24,Meath,-6.06
2020-09-24,Cavan,-1.0
2020-09-24,Cork,22.22
2020-09-23,Co. Limerick,-10.26
2020-09-23,Westmeath,-2.38
2020-09-23,N37A6R9,-7.81
2020-09-23,X91 A0C9,-3.93
2020-09-23,Dublin 12,-4.12
2020-09-23,Dublin 8,-6.25
2020-09-23,Dublin 15,-5.28
2020-09-23,Cashel,2.7
2020-09-23,Clonteens,-5.86
2020-09-23,Sligo,-8.7
2020-09-23,Waterford,-5.88
2020-09-23,H54 YR53,-2.26
2020-09-23,Wicklow,-3.26
2020-09-23,Co. Kildare,-7.54
2020-09-23,Dublin 2,-4.05
2020-09-23,Westmeath,18.52
2020-09-23,F45 WK53,5.56
2020-09-23,Donegal,40.0
2020-09-23,R14 DX57,-4.78
2020-09-23,Galway,-8.3
2020-09-23,Donegal,-5.1
2020-09-23,Mayo,-44.44
2020-09-23,Tipperary,-8.57
2020-09-23,Donegal,-30.77
2020-09-23,Cork City,-2.56
2020-09-23,Kilkenny,-64.29
2020-09-23,Waterford,2.08
2020-09-23,Tipperary,-6.88
2020-09-23,Kildare,-3.08
2020-09-23,Dublin 12,-7.06
2020-09-23,Donegal,-1.75
2020-09-23,Wicklow,-1.54
2020-09-23,Dublin 15,9.09
2020-09-22,Co. Limerick,-7.14
2020-09-22,Wicklow,-24.0
2020-09-22,Wexford,-1.76
2020-09-22,Dublin 12,-10.34
2020-09-22,Dublin 6W,-8.33
2020-09-22,Dublin 14,-2.88
2020-09-22,Dublin 6W,-8.33
2020-09-22,Dublin 8,-5.66
2020-09-22,Co. Limerick,-20.0
2020-09-22,Wicklow,-7.89
2020-09-22,Crumlin,-3.57
2020-09-22,Dublin 11,-6.93
2020-09-22,Dublin 11,-3.39
2020-09-22,Cavan,-37.5
2020-09-22,Limerick,-21.43
2020-09-22,Dublin 4,-8.31
2020-09-22,Dublin 14,-19.18
2020-09-22,Co. Dublin K32 W084,-4.79
2020-09-22,Dublin 9,-6.24
2020-09-22,Cork,-17.72
2020-09-22,Dublin 6,-5.06
2020-09-22,Dublin 4,-10.32
2020-09-22,Westmeath,2.33
2020-09-22,Dublin 24,-3.51
2020-09-22,Sligo,-7.41
2020-09-22,Dublin,-5.41
2020-09-22,Galway,-3.26
2020-09-22,County Dublin,-4.13
2020-09-22,Galway,-5.88
2020-09-22,Dublin,-6.38
2020-09-22,Galway,-3.77
2020-09-22,E34 EH21,-11.56
2020-09-22,Co. Dublin,-6.0
2020-09-22,West Cork,-8.16
2020-09-21,Dublin,-6.05
2020-09-21,Co. Waterford,7.75
2020-09-21,V93 XW27,5.13
2020-09-21,Co Limerick,-12.73
2020-09-21,Co. Wicklow,-3.51
2020-09-21,H54 TD28,-13.04
2020-09-21,Donegal,-6.7
2020-09-21,Carlow,-3.75
2020-09-21,Wexford,2.41
2020-09-21,Galway,-2.94
2020-09-21,Donegal,-8.8
2020-09-21,Cork,-8.0
2020-09-21,Carlow,-3.75
2020-09-21,Limerick,-31.82
2020-09-21,Kerry,-4.88
2020-09-21,Mayo,-2.23
2020-09-21,D24 NH66,-3.45
2020-09-21,Longford,-3.85
2020-09-21,Galway,1.47
2020-09-21,Galway,-0.72
2020-09-21,Galway,1.47
2020-09-21,Dublin,0.65
2020-09-21,Co. Kildare,3.03
2020-09-21,Galway City,-5.45
2020-09-21,Kerry,-12.5
2020-09-21,Longford,-3.14
2020-09-21,Meath,-9.71
2020-09-21,Kildare,-7.06
2020-09-21,Kildare,-7.69
2020-09-21,Dublin,-3.51
2020-09-21,Kilkenny,-3.11
2020-09-21,Co. Dublin,-10.0
2020-09-21,Galway,2.33
2020-09-21,Mayo,35.14
2020-09-21,Donegal,-2.73
2020-09-21,Limerick,1.72
2020-09-21,Cork,12.5
2020-09-21,Dublin 6,-4.92
2020-09-20,Dublin 7,1.52
2020-09-20,Dublin 15,12.24
2020-09-19,West Cork,-8.0
2020-09-19,Cork,-8.89
2020-09-19,Co. Waterford,-8.06
2020-09-18,P51 YV26,-10.81
2020-09-18,Dublin 6,-7.14
2020-09-18,Dublin 4,-4.38
2020-09-18,West Cork,25.0
2020-09-18,Wicklow,-6.52
2020-09-18,Co. Kildare,-7.59
2020-09-18,Dublin 6,-4.08
2020-09-18,Longford,-4.55
2020-09-18,County Dublin,-3.85
2020-09-18,County Dublin,-1.93
2020-09-18,Louth,-3.57
2020-09-18,N37 HD56,-23.75
2020-09-18,Dublin,4.29
2020-09-18,Clare,-14.04
2020-09-18,Waterford,-3.43
2020-09-18,R32HEF6,-2.5
2020-09-18,R95 Y2V9,-3.23
2020-09-18,Wicklow,-0.33
2020-09-18,Dublin 8,-5.48
2020-09-18,Carlow,-10.0
2020-09-18,Tipperary,-14.49
2020-09-18,Carlow,8.33
2020-09-18,Wexford,22.22
2020-09-18,Dublin 7,-14.29
2020-09-18,Waterford,-13.33
2020-09-18,County Dublin,-3.13
2020-09-18,Dublin 14,-3.64
2020-09-18,Tipperary,-6.25
2020-09-18,Mayo,50.0
2020-09-17,Wicklow,2.9
2020-09-17,Dublin 3 DO3 EOKO,6.67
2020-09-17,D18 V3K0,-10.0
2020-09-17,Roscommon,16.95
2020-09-17,Waterford,-12.06
2020-09-17,Louth,-16.84
2020-09-17,Co Westmeath,-8.21
2020-09-17,Co Donegal,-8.89
2020-09-17,Kilkenny,-3.33
2020-09-17,Dublin 8,-1.85
2020-09-17,Co. Limerick,-7.42
2020-09-17,Westmeath,-2.13
2020-09-17,Dublin 5,-11.76
2020-09-17,Clare,-15.71
2020-09-17,Donegal,-5.99
2020-09-17,Dublin 15,7.55
2020-09-17,Dublin 1,-11.39
2020-09-17,Dublin 12,-5.71
2020-09-17,Dublin 18,-5.03
2020-09-17,V92 X2HV,-4.08
2020-09-17,W91 P9W7,-2.7
2020-09-17,Wicklow,-12.5
2020-09-17,Meath,-12.0
2020-09-17,County Dublin,3.48
2020-09-17,Wicklow,-3.85
2020-09-17,Mayo,-2.38
2020-09-17,Roscommon,40.0
2020-09-17,Dublin 9,-4.88
2020-09-17,Dublin 8,8.57
2020-09-17,Dublin 24,-2.5
2020-09-16,Carlow,-4.44
2020-09-16,Dublin 24,-2.2
2020-09-16,Co. Dublin,1.67
2020-09-16,Co. Dublin,5.06
2020-09-16,Galway,-3.24
2020-09-16,E21 Y827,-25.42
2020-09-16,Co. Dublin,-4.79
2020-09-16,Dublin 15,13.16
2020-09-16,N39 T0X9,18.75
2020-09-16,Co. Kildare,-30.0
2020-09-16,Limerick,-7.41
2020-09-16,Galway,-18.41
2020-09-16,Galway,-9.23
2020-09-16,Kilkenny,-17.14
2020-09-16,Dublin 9,-4.26
2020-09-16,Carlow,4.65
2020-09-16,Carlow,-4.44
2020-09-16,Galway,-25.0
2020-09-16,Wicklow,-2.63
2020-09-16,Cork,-3.64
2020-09-16,Co. Wexford,2.78
2020-09-16,Co. Wexford,4.35
2020-09-16,Co. Wexford,1.67
2020-09-16,Cork City,-2.13
2020-09-16,Co Carlow,6.38
2020-09-16,D24 CXH4,-5.45
2020-09-16,Co. Louth,6.67
2020-09-16,Dublin 9,-3.46
2020-09-16,Roscommon,-18.18
2020-09-16,Wicklow,-5.88
2020-09-16,Waterford,-3.05
2020-09-16,Wicklow,-9.09
2020-09-16,Cork,-4.26
2020-09-16,Dublin,-9.09
2020-09-15,Dublin 2,-3.9
2020-09-15,Co. Dublin,-7.69
2020-09-15,Westmeath,-4.62
2020-09-15,Dublin 4,2.17
2020-09-15,Dublin 6,-8.0
2020-09-15,Wicklow,-7.32
2020-09-15,Cavan,-2.61
2020-09-15,Wicklow,-1.89
2020-09-15,Wexford,-5.0
2020-09-15,Kerry,-13.91
2020-09-15,Dublin 18,-3.23
2020-09-15,Dublin,-4.35
2020-09-15,Dublin 9,-0.58
2020-09-15,Co. Dublin K34 T382,-6.47
2020-09-15,Dublin,-1.54
2020-09-15,Co. Kildare,21.95
2020-09-15,F28 Y0E4,-6.53
2020-09-15,Co. Meath,-1.52
2020-09-15,Sligo,20.0
2020-09-15,Mayo,-8.33
2020-09-15,Co. Limerick,-3.85
2020-09-15,Kildare,-5.88
2020-09-15,Meath,11.11
2020-09-15,Bagenalstown,-5.66
2020-09-15,Kilkenny,-5.41
2020-09-15,Meath,-3.85
2020-09-15,Co Clare,-13.75
2020-09-15,Offaly,5.0
2020-09-15,Mayo,17.24
2020-09-15,Co. Mayo,20.0
2020-09-15,Lakepoint,-2.44
2020-09-15,Wexford,-1.67
2020-09-15,Dublin 24,2.0
2020-09-15,Dublin 16,6.36
2020-09-15,Dublin 24,9.59
2020-09-15,Dublin 16,4.65
2020-09-15,Dublin 24,16.13
2020-09-15,Dublin 24,9.64
2020-09-15,Dublin 16,8.33
2020-09-15,Dublin 14,11.11
2020-09-15,Dublin 24,5.97
2020-09-15,Dublin 24,3.23
2020-09-15,Dublin 24,4.0
2020-09-15,Dublin 24,4.0
2020-09-14,Dublin 18,9.38
2020-09-14,Co. Limerick,-1.49
2020-09-14,Dublin,-5.06
2020-09-14,Y25TX40,-4.29
2020-09-14,Tipperary,-46.15
2020-09-14,Laois,-9.64
2020-09-14,Cork,-6.0
2020-09-14,Old Road,-7.69
2020-09-14,Donegal,-3.79
2020-09-14,Dublin 7,-1.67
2020-09-14,Wexford,33.44
2020-09-14,Wexford,4.91
2020-09-14,Waterford,-3.3
2020-09-14,Co. Kildare,-7.02
2020-09-14,Limerick,-7.71
2020-09-14,Louth,11.11
2020-09-14,Wicklow,-22.99
2020-09-14,Kilkenny,-9.09
2020-09-14,West Cork,-11.11
2020-09-14,West Cork,-4.55
2020-09-14,Carlow,-3.97
2020-09-14,Tipperary,-11.36
2020-09-14,Kilkenny,-15.38
2020-09-14,Dublin 2,-7.14
2020-09-12,Cork,-9.09
2020-09-12,Leitrim,-8.03
2020-09-12,Clare,-14.73
2020-09-12,Co. Dublin,12.0
2020-09-11,Waterford,-5.04
2020-09-11,Clare,9.17
2020-09-11,Carlow,-11.24
2020-09-11,Y25RD42,3.77
2020-09-11,Dublin,-3.41
2020-09-11,Cork,-14.43
2020-09-11,Co. Galway,-25.71
2020-09-11,West Cork,5.88
2020-09-11,Dublin 3,-3.85
2020-09-11,West Cork,15.68
2020-09-11,Dublin 4,-4.44
2020-09-11,Dublin 4,-2.53
2020-09-11,Westmeath,-5.88
2020-09-11,Dublin 11,-6.78
2020-09-11,Galway,-4.08
2020-09-11,Wexford,-1.76
2020-09-11,Carlow,-12.0
2020-09-11,Westmeath,-4.6
2020-09-11,Co. Cork,5.26
2020-09-11,Co. Cork,1.16
2020-09-11,Co. Cork,4.03
2020-09-11,Co. Cork,4.2
2020-09-11,Wicklow,-6.78
2020-09-11,Co Leitrim N41 V4K6,-16.22
2020-09-11,Offaly,-13.27
2020-09-11,Cork,-10.1
2020-09-11,Dublin 2,-6.67
2020-09-11,Dublin 1,-4.55
2020-09-11,Co Kilkenny,-3.23
2020-09-11,Cavan,-40.0
2020-09-11,Wexford,-7.44
2020-09-11,Galway,3.5
2020-09-11,Galway,-9.09
2020-09-11,Dublin,-11.98
2020-09-10,Co. Donegal,-12.0
2020-09-10,Dublin 16,-5.75
2020-09-10,Co. Meath,-2.94
2020-09-10,Roscommon,-19.44
2020-09-10,Mayo,-24.05
2020-09-10,Cork,-14.29
2020-09-10,Longford,-12.22
2020-09-10,Dublin,-27.03
2020-09-10,Co. Cavan,3.03
2020-09-10,Cork,-2.5
2020-09-10,Wicklow,-2.56
2020-09-10,Y25VP70,-3.17
2020-09-10,Limerick,3.08
2020-09-10,Roscommon,-9.09
2020-09-10,Dublin 14,-7.75
2020-09-10,Wicklow,-2.63
2020-09-10,Cork,-2.64
2020-09-10,R93 KW8,-1.61
2020-09-10,Co. Carlow,-5.0
2020-09-10,Kerry,21.21
2020-09-10,Co. Carlow,-5.41
2020-09-10,Dublin,-3.11
2020-09-10,Limerick,-4.0
2020-09-10,R93 V256,-1.61
2020-09-10,Roscommon,10.0
2020-09-10,Wicklow,-6.3
2020-09-10,Wicklow,-8.03
2020-09-10,Kerry,1.43
2020-09-10,Dublin 11,4.55
2020-09-10,Zone A Mullingar Business Park,12.82
2020-09-10,Cork,-14.29
2020-09-10,Dublin 6W,-3.08
2020-09-10,Laois,-5.0
2020-09-09,Dublin 8,13.51
2020-09-09,Limerick City,10.0
2020-09-09,Co. Kildare,1.01
2020-09-09,Co. Kerry,-5.66
2020-09-09,Rathcaled,-8.34
2020-09-09,Longford,1.85
2020-09-09,County Dublin,-4.11
2020-09-09,Co. Dublin,-10.61
2020-09-09,Dublin 9,-6.33
2020-09-09,Dublin 9,-5.67
2020-09-09,Co. Westmeath,-12.22
2020-09-09,Waterford,-12.73
2020-09-09,Cork,-6.12
2020-09-09,Sligo,-5.75
2020-09-09,Dublin 3,-8.86
2020-09-09,Co. Limerick,-50.0
2020-09-09,Mayo,-8.42
2020-09-09,Dublin 11,-3.9
2020-09-09,Wicklow,-5.88
2020-09-09,Limerick City,-12.35
2020-09-09,Co Meath A82P3K6,-5.71
2020-09-09,Dublin 6,-10.0
2020-09-09,Carlow,-14.29
2020-09-09,Co. Offaly,12.86
2020-09-09,Dublin 1,-7.14
2020-09-09,Dublin 4,-1.39
2020-09-09,Dublin 3 DO3 AW29,-4.14
2020-09-09,Dublin 12,7.69
2020-09-08,Co. Meath C15 V8K6,-5.88
2020-09-08,Co. Wicklow,-2.71
2020-09-08,Dublin 14,6.02
2020-09-08,Co Tipperary,7.14
2020-09-08,Louth,-4.04
2020-09-08,Dublin 8,-5.05
2020-09-08,Meath,6.06
2020-09-08,Y21 V0C9,7.69
2020-09-08,Co. Limerick,5.88
2020-09-08,Co. Kilkenny,8.33
2020-09-08,Co. Louth,3.57
2020-09-08,Wicklow,-4.65
2020-09-08,Dublin 2,-8.8
2020-09-08,Dublin,18.64
2020-09-08,Dublin 2,-16.52
2020-09-08,Dublin 2,-12.5
2020-09-08,E41 PY68,-5.66
2020-09-08,Mayo,-7.58
2020-09-08,Limerick,-4.65
2020-09-08,Dublin 14,-2.46
2020-09-08,Co Cavan  H12 E192,-6.67
2020-09-08,Co Meath   C15YT22,-3.03
2020-09-08,Co Meath   C15YT22,-3.03
2020-09-08,Laois,-3.08
2020-09-08,Y35 FP83,-7.89
2020-09-08,Dublin 7,-5.8
2020-09-08,Co. Dublin K32 T853,-2.52
2020-09-08,Tipperary,11.11
2020-09-08,Mayo,-4.4
2020-09-08,Waterford,-6.06
2020-09-08,F28 K265,-5.22
2020-09-08,X91 YKR6,-7.55
2020-09-08,Offaly,-4.41
2020-09-08,Carlow,0.89
2020-09-08,Co. Limerick,-5.03
2020-09-08,Dublin 11,-5.48
2020-09-08,Louth,-6.88
2020-09-08,Donegal,-6.15
2020-09-07,Co. Carlow,-11.11
2020-09-07,Co. Limerick,-4.12
2020-09-07,Dublin 18,-3.03
2020-09-07,Dublin 11,-4.55
2020-09-07,A83 P380,11.43
2020-09-07,Cork,3.85
2020-09-07,Co. Dublin,-7.75
2020-09-07,West Cork,-22.5
2020-09-07,F26 W3Y6,-3.13
2020-09-07,E34 XD93,-5.42
2020-09-07,Dublin 7,-5.08
2020-09-07,X35 KV56,-2.51
2020-09-07,Dublin 7,1.64
2020-09-07,Cork,-1.4
2020-09-07,Dublin 12,-7.41
2020-09-07,Dublin 11,-3.8
2020-09-07,Wexford,10.47
2020-09-07,Offaly,-9.52
2020-09-07,Cork,-4.44
2020-09-07,Limerick,-22.22
2020-09-07,Dublin 1,-2.45
2020-09-07,Co. Kildare,3.33
2020-09-07,Laois,1.35
2020-09-07,Galway City,3.8
2020-09-07,Clare,-28.57
2020-09-07,Kerry,-3.85
2020-09-06,Wexford,-7.14
2020-09-05,Tipperary,-14.33
2020-09-05,Dublin 9,-8.92
2020-09-04,A67HD73,-5.0
2020-09-04,Donegal,5.88
2020-09-04,Cork,-25.0
2020-09-04,Mayo,-8.51
2020-09-04,Co. Dublin,3.58
2020-09-04,Donegal,-11.92
2020-09-04,Clare,-21.43
2020-09-04,Galway,-5.26
2020-09-04,Co. Kildare,-5.45
2020-09-04,Dublin 3,-5.08
2020-09-04,Co Clare,1.92
2020-09-04,Mayo,-10.0
2020-09-04,Dublin 9,4.65
2020-09-04,Dublin 14,-33.33
2020-09-04,Longford,-5.71
2020-09-04,Wicklow,-1.36
2020-09-04,P51VF8K,-40.0
2020-09-04,P51NX6R,-40.0
2020-09-04,Dublin 11,-4.81
2020-09-04,Roscommon,-6.67
2020-09-04,Louth,5.56
2020-09-04,Co. Mayo,4.35
2020-09-03,Dublin 18,-8.86
2020-09-03,Cork,9.76
2020-09-03,Longford,-7.5
2020-09-03,P85 AY72,-11.24
2020-09-03,Co. Limerick,-6.9
2020-09-03,Tipperary,-7.55
2020-09-03,Waterford,-2.22
2020-09-03,Waterford,2.27
2020-09-03,Waterford,12.82
2020-09-03,Wicklow,-2.94
2020-09-03,Galway,-4.8
2020-09-03,Dublin 8,-2.53
2020-09-03,Dublin 17,2.94
2020-09-03,County Dublin,-5.56
2020-09-03,Dublin 6W,-12.5
2020-09-03,Dublin 1,-3.51
2020-09-03,V92 Y7D1,-4.17
2020-09-03,Co.Kerry,-13.33
2020-09-03,Dublin 24,-2.35
2020-09-03,W91 N9K0,-2.97
2020-09-03,Dublin 4,-9.33
2020-09-03,Dublin 20,-4.44
2020-09-03,Co. Tipperary,-13.33
2020-09-03,Wexford,8.7
2020-09-03,Cavan,-7.66
2020-09-03,Galway,27.78
2020-09-03,Kerry,11.17
2020-09-03,Co. Kerry,1.43
2020-09-03,E41DN36,-3.57
2020-09-03,Cavan,-4.52
2020-09-03,Offaly,-3.43
2020-09-03,County Dublin,15.0
2020-09-03,Dublin 4,-6.72
2020-09-03,Galway City,-5.66
2020-09-02,P17 HY92,-7.89
2020-09-02,P17 W984,-7.89
2020-09-02,Co. Dublin K32 A409,-2.33
2020-09-02,Cork,6.67
2020-09-02,Dublin 2,17.47
2020-09-02,Laois,-6.9
2020-09-02,Meath,7.02
2020-09-02,Offaly,54.05
2020-09-02,Donegal,65.71
2020-09-02,Co. Cork,6.15
2020-09-02,Co. Limerick,-17.24
2020-09-02,Wexford,-4.44
2020-09-02,Donegal,-4.11
2020-09-02,P51TDC1,-12.22
2020-09-02,Wexford,-3.19
2020-09-02,Cork,-6.0
2020-09-02,E91W978,-2.0
2020-09-02,Galway City,-3.68
2020-09-02,Tipperary,-4.12
2020-09-02,Cork,3.51
2020-09-02,Cork,2.76
2020-09-02,X91 ED7X,-15.31
2020-09-02,R32FK63,-17.08
2020-09-02,Tipperary,-13.27
2020-09-02,Dublin 9,-21.3
2020-09-02,Dublin 3,-17.43
2020-09-01,N37 HD56,31.14
2020-09-01,Dublin 9,-11.39
2020-09-01,V95 A9XN,-2.56
2020-09-01,Dublin 5,-4.84
2020-09-01,Dublin 9,-2.87
2020-09-01,Galway,14.29
2020-09-01,Dublin 24,-7.81
2020-09-01,Louth,-5.17
2020-09-01,Co. Cork,-1.97
2020-09-01,Wicklow,-13.64
2020-09-01,Donegal,-3.36
2020-09-01,Dublin 5,5.08
2020-09-01,Mayo,2.0
2020-09-01,Kerry,-7.94
2020-09-01,V14 RH48,-3.33
2020-09-01,Dublin 10,-5.29
2020-09-01,Dublin,-4.84
2020-09-01,Co. Dublin K32 YK44,-1.98
2020-09-01,Wicklow,-1.25
2020-09-01,West Cork,-31.58
2020-09-01,Dublin 18,-2.94
2020-09-01,Galway City,-6.13
2020-09-01,Louth,-5.56
2020-09-01,A67 P278,-5.71
2020-09-01,D18 T2R0,-9.17
2020-09-01,Kildare,-4.41
2020-09-01,Dublin 8,-6.98
2020-09-01,E91 PF84,-5.66
2020-09-01,Co. Dublin K32P235,-18.42
2020-09-01,Co. Dublin K32 TP66,-4.27
2020-09-01,Athy,-6.06
2020-09-01,Dublin 13,-7.55
2020-09-01,County Dublin,9.09
2020-09-01,Co. Westmeath,-18.33
2020-09-01,Co. Dublin,-7.5
2020-09-01,Dublin 4,-4.04
2020-09-01,West Cork,20.0
2020-09-01,Westmeath,3.33
2020-09-01,Tipperary,-4.12
2020-08-31,Co. Sligo,-4.0
2020-08-31,Dublin 3,-17.65
2020-08-31,Westmeath,-10.81
2020-08-31,Waterford,-3.85
2020-08-31,Cork City,12.87
2020-08-31,Tipperary,-10.2
2020-08-31,Meath,-1.64
2020-08-31,Co. Waterford,-2.68
2020-08-31,Dublin 2,-8.65
2020-08-31,Dublin 14,-6.47
2020-08-31,Kilkenny,-7.63
2020-08-31,Dublin 16,3.48
2020-08-31,West Cork,-4.29
2020-08-31,Dublin 24,-8.28
2020-08-31,Limerick,-3.24
2020-08-31,Dublin,14.81
2020-08-31,Laois,-1.3
2020-08-31,Cork,-33.33
2020-08-31,Cork,-33.33
2020-08-31,Wexford,6.98
2020-08-31,Co. Meath,-8.11
2020-08-31,Westmeath,-2.33
2020-08-31,Co. Dublin,-4.55
2020-08-31,Tipperary,26.97
2020-08-31,Galway,-1.79
2020-08-31,Offaly,-7.14
2020-08-31,Offaly,-15.63
2020-08-31,Wexford,2.22
2020-08-31,Dublin 9,-5.13
2020-08-31,Cork,2.5
2020-08-31,Dublin 9,-12.13
2020-08-31,Laois,-2.78
2020-08-31,Cork,-2.0
2020-08-29,Tipperary,3.85
2020-08-29,Co Waterford,-11.54
2020-08-28,Dublin 8,11.86
2020-08-28,County Dublin,-1.75
2020-08-28,Co. Laois,-15.0
2020-08-28,Wexford,-6.67
2020-08-28,Co. Wicklow,-2.86
2020-08-28,P12TN27,-20.45
2020-08-28,Westmeath,-2.35
2020-08-28,W23 HD00,-4.77
2020-08-28,Y21 F544,-7.82
2020-08-28,Kildare,-1.97
2020-08-28,Roscommon,-25.0
2020-08-28,Dublin 16,4.0
2020-08-28,Dublin 8,18.18
2020-08-28,Dublin 18,-3.88
2020-08-28,Kerry,-5.56
2020-08-28,Dublin 16,-1.39
2020-08-28,Co. Carlow,-4.27
2020-08-28,D15 NHN7.,-5.88
2020-08-28,Waterford,-4.14
2020-08-28,Cork,-6.47
2020-08-28,Cavan,-10.0
2020-08-28,Wexford,-5.41
2020-08-28,Wexford,-11.65
2020-08-28,Meath,-2.93
2020-08-28,Mayo,-22.22
2020-08-28,Co Dublin K78 C527,-4.82
2020-08-28,Dublin 11,-5.0
2020-08-28,Kilkenny,-12.27
2020-08-28,W23 X0K1,-5.66
2020-08-28,Kerry,-33.33
2020-08-28,Cork,-6.47
2020-08-28,Cork,3.33
2020-08-28,Mayo,-5.26
2020-08-28,Wexford,-16.67
2020-08-28,Kildare,-3.64
2020-08-27,Dublin,14.29
2020-08-27,Co. Cork,-7.27
2020-08-27,N37 V883,-5.15
2020-08-27,C15 E085,-10.53
2020-08-27,Co Louth,-37.5
2020-08-27,Wicklow,7.69
2020-08-27,Cork,-8.7
2020-08-27,Dublin 8,-13.33
2020-08-27,Wexford,-4.3
2020-08-27,Kildare,-5.56
2020-08-27,Dublin 7,-1.64
2020-08-27,Kildare,-1.79
2020-08-27,Dublin,-3.6
2020-08-27,Wexford,-39.15
2020-08-27,F26 C1W7,7.19
2020-08-27,Galway,-10.26
2020-08-27,Dublin 15,-1.75
2020-08-27,Wicklow,-12.5
2020-08-27,Tipperary,-4.35
2020-08-27,Dublin 7,-4.04
2020-08-27,Galway,2.33
2020-08-27,Kildare,-3.95
2020-08-27,Kildare,-5.58
2020-08-26,Dublin 14,-6.33
2020-08-26,Co. Limerick,-5.41
2020-08-26,Kildare,-2.38
2020-08-26,Co Wexford,-11.65
2020-08-26,Donegal,-9.38
2020-08-26,Dublin 16,-7.23
2020-08-26,F28 WY84,-2.96
2020-08-26,Dublin 24,-3.77
2020-08-26,Mayo,-11.11
2020-08-26,A82 H566,-9.7
2020-08-26,Louth,-8.33
2020-08-26,Roscommon,-11.24
2020-08-26,Co Carlow,66.67
2020-08-26,Wicklow,-1.55
2020-08-26,V92 Y7D1,-4.0
2020-08-26,County Dublin,-3.85
2020-08-26,Meath,-6.25
2020-08-26,N37 HD56,-23.75
2020-08-26,Kerry,-10.91
2020-08-26,Offaly,2.86
2020-08-26,Offaly,-2.78
2020-08-26,Cork,-3.64
2020-08-26,Kilkenny,-7.27
2020-08-26,Offaly,-3.68
2020-08-26,Co. Galway,-13.7
2020-08-26,Dublin 11,-5.66
2020-08-26,Carlow,-10.72
2020-08-26,Co. Limerick,-4.14
2020-08-26,F26 R2DD,22.22
2020-08-26,Mayo,-6.76
2020-08-26,Dublin,13.07
2020-08-25,Offaly,-1.28
2020-08-25,Dublin,-6.02
2020-08-25,Offaly,-1.28
2020-08-25,Dublin,7.91
2020-08-25,Cork,-3.64
2020-08-25,N39 FN50,7.41
2020-08-25,Dublin 1,33.33
2020-08-25,Donegal,23.68
2020-08-25,Co. Leitrim N41 DE06,-7.89
2020-08-25,Galway,-5.59
2020-08-25,West Cork,-5.56
2020-08-25,Dublin 13,-16.67
2020-08-25,Dublin,-9.09
2020-08-25,Cork,-7.14
2020-08-25,Donegal,3.17
2020-08-25,Donegal,-5.97
2020-08-25,Dublin 16,1.63
2020-08-25,Co. Dublin,-6.93
2020-08-25,Y35 K0E7,-6.88
2020-08-25,Waterford,-7.55
2020-08-25,Cork,-11.46
2020-08-25,County Dublin,-5.71
2020-08-25,Co.Galway,-6.45
2020-08-25,Clare,-6.71
2020-08-25,Galway,3.64
2020-08-25,Dublin,-4.12
2020-08-25,Cork,-4.52
2020-08-25,F26 R7F6,-4.49
2020-08-25,Carlow,-7.41
2020-08-25,Meath,63.87
2020-08-25,Dublin 18,-1.25
2020-08-25,Cork,-1.92
2020-08-25,Kerry,-13.33
2020-08-25,Dublin 18,-4.95
2020-08-25,Dublin 14,-3.8
2020-08-25,Dublin 18,2.94
2020-08-25,West Cork,-4.17
2020-08-25,Roscommon,-17.27
2020-08-25,Mayo,-12.28
2020-08-25,West Cork,6.38
2020-08-24,Dublin 16,-4.2
2020-08-24,Co. Dublin,-8.67
2020-08-24,Kilkenny,-5.93
2020-08-24,Co. Leitrim N41 DE06,8.57
2020-08-24,P56 W020,-6.78
2020-08-24,Offaly,-8.33
2020-08-24,H54 AF38,-3.85
2020-08-24,Dublin 9,1.57
2020-08-24,Wexford,5.82
2020-08-24,Dublin 7,-3.17
2020-08-24,V94 C6EA,-7.75
2020-08-24,Co. Carlow,-2.0
2020-08-24,Kildare,-4.55
2020-08-24,Galway,-22.22
2020-08-24,Wicklow,-5.98
2020-08-24,Dublin 3,-16.42
2020-08-24,Galway,-5.13
2020-08-24,Louth,-8.38
2020-08-24,Dublin 6W,0.79
2020-08-24,Y35T9K2,-13.33
2020-08-23,Mayo,-5.59
2020-08-22,Dublin 3,-5.26
2020-08-22,Wexford,-14.89
2020-08-22,H53 E9W2,-3.51
2020-08-21,F93 A36X,-6.78
2020-08-21,Carlow,-12.79
2020-08-21,E25 HH31,-5.41
2020-08-21,Co Cavan  A82EE62,-16.67
2020-08-21,Tipperary,-7.91
2020-08-21,Dublin 9,0.85
2020-08-21,Dublin 9,1.18
2020-08-21,Tipperary,-8.33
2020-08-21,Kilkenny,-10.61
2020-08-21,Cork,-15.0
2020-08-21,Galway,-2.5
2020-08-21,West Cork,-10.0
2020-08-21,Waterford,-8.0
2020-08-21,Laois,-2.67
2020-08-21,Dublin 12,-3.45
2020-08-21,Cork,-9.09
2020-08-20,Dublin 18,-3.36
2020-08-20,Y21WOY2,-5.26
2020-08-20,Co. Wicklow,-6.12
2020-08-20,Cork,6.06
2020-08-20,Louth,-3.41
2020-08-20,Carlow,-9.43
2020-08-20,Dublin 9,-5.55
2020-08-20,Y25CK75,-8.16
2020-08-20,County Dublin,-1.45
2020-08-20,Cork,40.0
2020-08-20,R32 D7T2,-2.22
2020-08-20,Co. Wexford,-8.7
2020-08-20,Dublin 12,-10.0
2020-08-20,Louth,-3.43
2020-08-20,Westmeath,-30.0
2020-08-20,Dublin 12,-2.3
2020-08-20,Dublin 11,-9.23
2020-08-20,Galway City,8.16
2020-08-20,Galway,-5.36
2020-08-20,Waterford,-13.79
2020-08-20,Dublin 8,-17.22
2020-08-20,F45 WK53,13.21
2020-08-20,Y21 T1W0,-1.16
2020-08-20,Offaly,-9.55
2020-08-20,Kilkenny,-8.03
2020-08-20,Wexford,-5.0
2020-08-20,Dublin 18,-8.57
2020-08-19,Co. Cork,-4.58
2020-08-19,Dublin,25.0
2020-08-19,Co. Limerick,1.52
2020-08-19,Wexford,2.38
2020-08-19,Wexford,-2.33
2020-08-19,Dublin,-6.68
2020-08-19,Dublin 16,-2.79
2020-08-19,Dublin 6W,-2.71
2020-08-19,Kilkenny,-11.86
2020-08-19,Dublin,-3.53
2020-08-19,County Dublin,-2.86
2020-08-19,Co.Galway,24.0
2020-08-19,Co. Tipperary,-7.14
2020-08-19,Louth,-5.03
2020-08-19,Mayo,-10.53
2020-08-19,Mayo,-10.53
2020-08-19,Kildare,-3.43
2020-08-19,Louth,-18.37
2020-08-19,Kerry,-11.54
2020-08-19,Louth,-6.06
2020-08-19,Dublin 11,-3.85
2020-08-19,Galway City,-2.44
2020-08-19,Wicklow,-6.0
2020-08-19,West Cork,-3.64
2020-08-18,Co. Galway,-9.3
2020-08-18,Co. Dublin K32 C973,5.0
2020-08-18,West Cork,-10.13
2020-08-18,Co. Tipperary,-8.68
2020-08-18,Sligo,-8.22
2020-08-18,Meath,4.55
2020-08-18,Cork City,-6.18
2020-08-18,Dublin 11,-6.14
2020-08-18,Clare,-5.56
2020-08-18,County Dublin,-8.22
2020-08-18,Sligo,-4.29
2020-08-18,Dublin 7,-7.5
2020-08-18,Cavan,-23.73
2020-08-18,Galway,-2.93
2020-08-18,Wexford,-4.23
2020-08-18,Co. Tipperary,-13.04
2020-08-18,Wicklow,-3.34
2020-08-18,Kilkenny,-5.13
2020-08-18,Wexford,9.09
2020-08-18,Cork,-2.23
2020-08-18,R35W672,-1.11
2020-08-18,Co Cavan,-20.83
2020-08-18,Co Cavan,-20.83
2020-08-18,Co. Clare,-11.76
2020-08-18,Co Mayo,8.14
2020-08-18,H54 RY26,-2.86
2020-08-18,H54 A400,-2.86
2020-08-18,Wexford,-22.73
2020-08-18,Galway,-7.84
2020-08-18,County Dublin,-7.0
2020-08-18,Mayo,8.14
2020-08-18,West Cork,-3.23
2020-08-18,Meath,-1.72
2020-08-18,Longford,-9.09
2020-08-17,Cork,-1.32
2020-08-17,Louth,-3.39
2020-08-17,County Dublin,-4.35
2020-08-17,Co. Wicklow,-1.27
2020-08-17,Galway,-8.7
2020-08-17,Roscommon,-26.67
2020-08-17,Dublin 15,-3.83
2020-08-17,Co. Kildare,-5.54
2020-08-17,N39 TP94,-12.22
2020-08-17,V93 XW27,5.41
2020-08-17,V93 PY60,-10.96
2020-08-17,P56 XD59,-15.38
2020-08-17,Wicklow,-4.0
2020-08-17,Waterford,-3.13
2020-08-17,Dublin 10,2.81
2020-08-17,Co. Limerick,-4.55
2020-08-17,Meath,-2.56
2020-08-17,Kilkenny,-13.33
2020-08-17,Kilkenny,15.38
2020-08-17,Kilkenny,-13.33
2020-08-17,Dublin,-3.45
2020-08-17,Dublin 8,-11.36
2020-08-17,Tipperary,-4.38
2020-08-16,H71 FP23,-12.66
2020-08-16,Leitrim,-11.65
2020-08-15,Kildare,-2.11
2020-08-15,Cork,-5.58
2020-08-14,A91 AY65,-5.88
2020-08-14,N37 R5Y6,-3.87
2020-08-14,Laois,-2.46
2020-08-14,Kerry,-13.16
2020-08-14,Louth,-4.88
2020-08-14,Tipperary,-36.55
2020-08-14,Dublin,-6.25
2020-08-14,Dublin,-4.14
2020-08-14,R93 K7P1,-9.11
2020-08-14,Cavan,7.41
2020-08-14,Y34 AH59,19.05
2020-08-14,Dublin,-1.75
2020-08-14,Leitrim,-10.81
2020-08-14,Co. Dublin K32 VP65,-4.64
2020-08-14,Kerry,-5.97
2020-08-14,Dublin 18,-8.0
2020-08-14,Dublin,-3.08
2020-08-14,Co. Kildare,-10.39
2020-08-14,Dublin 18,-1.48
2020-08-14,Dublin,-1.79
2020-08-14,N39P899,-16.67
2020-08-14,V93 WF67,-2.6
2020-08-14,V93 WF67,-2.6
2020-08-14,Louth,-2.03
2020-08-14,Wicklow,-9.09
2020-08-14,Co. Tipperary,-4.49
2020-08-14,Dublin 1,-16.67
2020-08-13,Dublin 13,-4.12
2020-08-13,R93 R7W3,-1.85
2020-08-13,Wexford,2.13
2020-08-13,Galway City,-21.15
2020-08-13,Roscommon,-14.3
2020-08-13,Co. Kildare,-11.17
2020-08-13,F45 NE50,-11.61
2020-08-13,Kildare,-4.84
2020-08-13,P56 AE62,-7.14
2020-08-13,Dublin 10,-6.98
2020-08-13,Limerick,-13.33
2020-08-13,Co. Meath,7.55
2020-08-13,F28 HX30,-5.28
2020-08-13,Mayo,-16.67
2020-08-13,Mayo,-6.25
2020-08-13,Louth,-11.36
2020-08-13,Kilkenny,-6.52
2020-08-13,Dublin 14,-2.78
2020-08-13,Wicklow,-7.03
2020-08-13,Kildare,-5.88
2020-08-13,Dublin 14,2.86
2020-08-13,Limerick,-10.0
2020-08-13,Limerick,2.35
2020-08-12,Co. Kildare,-34.49
2020-08-12,Longford,-7.94
2020-08-12,Sligo,6.15
2020-08-12,Offaly,-9.33
2020-08-12,Tipperary,-8.33
2020-08-12,Dublin 8,13.56
2020-08-12,W23 YD28,-6.27
2020-08-12,Tipperary,25.04
2020-08-12,Cork,3.33
2020-08-12,V93DNF8,-1.85
2020-08-12,Roscommon,-14.3
2020-08-12,Wicklow,-3.03
2020-08-12,Co. Kildare,3.52
2020-08-12,Co. Kildare,-5.56
2020-08-12,C15 D8H2,-5.88
2020-08-12,Dublin 8,18.46
2020-08-12,County Dublin,-6.04
2020-08-12,Kildare,3.91
2020-08-12,Kildare,-6.92
2020-08-12,Kildare,-10.07
2020-08-12,Louth,-11.29
2020-08-12,Dublin 9,-3.72
2020-08-12,Dublin,-2.01
2020-08-11,Co. Kildare,-3.4
2020-08-11,Co. Limerick,4.76
2020-08-11,Dublin 5,-1.15
2020-08-11,Galway,-12.0
2020-08-11,Limerick,-29.49
2020-08-11,A67 Y895,-5.66
2020-08-11,Wicklow,25.0
2020-08-11,Dublin 3,-7.27
2020-08-11,R93 C2C3,-5.4
2020-08-11,Co. Dublin K32KP40,-1.69
2020-08-11,N37 T257,1.36
2020-08-11,Galway City,-15.38
2020-08-11,Cork,-10.0
2020-08-11,Galway,-15.56
2020-08-11,Dublin 18,-3.37
2020-08-11,A83 EH04,-4.76
2020-08-11,Dublin 3,28.57
2020-08-11,V14 TP86,-5.17
2020-08-11,Roscommon,18.64
2020-08-11,Meath,2.38
2020-08-11,Co. Cork,8.82
2020-08-11,Cavan,35.0
2020-08-11,Roscommon,-23.08
2020-08-11,Kerry,11.11
2020-08-11,Dublin,1.06
2020-08-11,Co. Dublin,-7.02
2020-08-11,Dublin 5,-4.84
2020-08-11,Co. Dublin DUBLIN,19.05
2020-08-11,N37 T257,-15.47
2020-08-11,R42 K688,-2.79
2020-08-11,Waterford,3.57
2020-08-11,Co Tipperary,1.92
2020-08-11,West Cork,7.55
2020-08-11,Cavan,-1.85
2020-08-11,Cork City,-7.02
2020-08-11,Galway City,-8.89
2020-08-11,Limerick,-3.7
2020-08-10,Co. Carlow,-6.04
2020-08-10,Kilkenny,-8.33
2020-08-10,Dublin,2.02
2020-08-10,Kildare,12.0
2020-08-10,Cork City,-6.93
2020-08-10,Co. Leitrim,-6.32
2020-08-10,Mayo,-14.14
2020-08-10,Louth,-11.11
2020-08-10,Meath,4.44
2020-08-10,Y21 T1W0,-3.91
2020-08-10,Wicklow,-3.34
2020-08-10,R93 C6N1,-5.03
2020-08-10,Roscommon,-1.25
2020-08-10,Dublin 5,-5.06
2020-08-10,Westmeath,-6.06
2020-08-10,Dublin,-4.26
2020-08-10,Wexford,-11.2
2020-08-10,Co. Kildare,-3.34
2020-08-10,Wicklow,10.26
2020-08-10,West Cork,-5.71
2020-08-10,Co. Mayo,-20.0
2020-08-10,Mayo,-20.0
2020-08-10,County Dublin,-5.77
2020-08-10,Kerry,20.0
2020-08-10,Kerry,6.25
2020-08-10,County Dublin,-0.33
2020-08-10,Dublin 11,-4.61
2020-08-10,County Dublin,-4.68
2020-08-10,Westmeath,-4.04
2020-08-10,Cork City,-4.76
2020-08-10,Galway,7.41
2020-08-09,Mayo,-1.91
2020-08-08,Galway,10.0
2020-08-07,Co Kerry,7.14
2020-08-07,Wicklow,-5.0
2020-08-07,Dublin 8,20.0
2020-08-07,Wicklow,-6.05
2020-08-07,A83 EH04,5.0
2020-08-07,Wicklow,-5.19
2020-08-07,Louth,-15.38
2020-08-07,Meath,44.44
2020-08-07,Co. Westmeath,-20.0
2020-08-07,Donegal,4.62
2020-08-07,Dublin 15,-9.11
2020-08-07,Y21A2Y6,-5.03
2020-08-07,Galway,-7.63
2020-08-07,Waterford,3.77
2020-08-07,E53 YN77,-3.39
2020-08-07,Dublin,-6.38
2020-08-07,Waterford,-6.06
2020-08-07,Dublin 11,2.86
2020-08-07,Offaly,-5.88
2020-08-07,Leitrim,-7.15
2020-08-07,Dublin 8,-7.14
2020-08-07,Kildare,-1.61
2020-08-07,Longford,-3.08
2020-08-07,Dublin 18,-3.39
2020-08-06,Co. Clare,-12.5
2020-08-06,Dublin 24,-5.0
2020-08-06,Co. Wicklow,-10.48
2020-08-06,D18 TY29,-8.55
2020-08-06,Dublin 15,-1.82
2020-08-06,Co. Dublin,-6.12
2020-08-06,Wicklow,-7.06
2020-08-06,F45 PX59,-10.0
2020-08-06,Dublin 3,-5.08
2020-08-06,Co. Kildare,3.45
2020-08-06,Dublin,-14.81
2020-08-06,Dublin,-2.88
2020-08-06,Kildare,-5.24
2020-08-06,Kildare,-5.24
2020-08-06,Cork,7.27
2020-08-06,Dublin 15,1.7
2020-08-06,Dublin 6,-0.91
2020-08-06,Co. Dublin,-8.19
2020-08-06,Dublin 4,2.6
2020-08-06,Kiltoom,-9.29
2020-08-06,Kildare,-6.67
2020-08-06,Y14K308,-5.88
2020-08-06,Co. Wicklow,-2.7
2020-08-06,Dublin 16,2.4
2020-08-06,County Dublin,-3.51
2020-08-06,Co. Dublin DUBLIN,-16.0
2020-08-06,Meath,-4.26
2020-08-06,Meath,-6.98
2020-08-06,Tipperary,-12.5
2020-08-06,Wicklow,-7.06
2020-08-06,Offaly,12.07
2020-08-06,Co. Dublin,-4.76
2020-08-06,Co. Dublin,-11.11
2020-08-06,Wexford,-8.0
2020-08-06,Donegal,-7.19
2020-08-06,X91RV0R,-6.67
2020-08-06,Louth,-3.92
2020-08-05,Mayo,-4.23
2020-08-05,N37 N6X0,-11.41
2020-08-05,Co Meath,-15.22
2020-08-05,Dublin 24,-3.08
2020-08-05,Dublin 8,-16.67
2020-08-05,Dublin 14,-11.11
2020-08-05,Dublin 6,-4.34
2020-08-05,Co. Cork,-7.06
2020-08-05,Cork,-9.72
2020-08-05,Wexford,-3.7
2020-08-05,Leitrim,4.65
2020-08-05,West Cork,-3.85
2020-08-05,Co. Longford,-1.61
2020-08-05,R51 DE76,-5.71
2020-08-05,Dublin 14,2.2
2020-08-05,Meath,2.33
2020-08-05,X35 FD60,-2.58
2020-08-05,Co. Dublin K32 A993,-4.3
2020-08-05,Co. Carlow,-6.06
2020-08-05,D18 F9K2,-3.54
2020-08-05,Dublin,-10.33
2020-08-05,Wexford,-10.71
2020-08-05,Tipperary,1.27
2020-08-05,Cork,-15.91
2020-08-05,Kildare,5.47
2020-08-05,Dublin 11,-6.27
2020-08-05,Dublin 24,-5.95
2020-08-04,Carlow,-5.0
2020-08-04,Co. Wicklow,-0.3
2020-08-04,V92 FC44,-9.09
2020-08-04,C15 V9H3,-6.45
2020-08-04,Kildare,-1.15
2020-08-04,Tipperary,-5.88
2020-08-04,Galway,-5.3
2020-08-04,V31 AC61,-14.39
2020-08-04,County Dublin,-10.1
2020-08-04,Y35 E166,-7.44
2020-08-04,Dublin 16,1.92
2020-08-04,Dublin,-5.17
2020-08-04,Dublin 8,-5.13
2020-08-04,Dublin 8,-5.13
2020-08-04,Galway,-2.03
2020-08-04,Wicklow,-3.06
2020-08-04,Monaghan,2.04
2020-08-04,County Dublin,5.08
2020-08-04,Mayo,50.0
2020-08-04,Dublin 14,-5.22
2020-08-04,Galway,-5.91
2020-08-04,Dublin 15,-4.45
2020-08-04,Dublin 9,-3.9
2020-08-01,County Dublin,-5.77
2020-08-01,Galway City,-26.32
2020-08-01,Dublin 24,4.55
2020-08-01,Dublin 18,-1.47
2020-08-01,C15 YT97,-6.52
2020-08-01,Co.Cork,-4.71
2020-08-01,Co. Dublin DUBLIN,-10.26
2020-08-01,R14 W667,-3.69
2020-08-01,Dublin 12,-5.51
2020-07-31,Dublin 8,12.73
2020-07-31,County Dublin,3.77
2020-07-31,Cork,-10.61
2020-07-31,Dublin,-4.01
2020-07-31,Co. Dublin,-8.81
2020-07-31,Dublin 24,-9.09
2020-07-31,Dublin 6W,-24.0
2020-07-31,Dublin 6W,-24.0
2020-07-31,Offaly,2.86
2020-07-31,Co. Limerick,-5.77
2020-07-31,Wexford,2.78
2020-07-31,Wicklow,-5.33
2020-07-31,R14 VY03,-3.23
2020-07-31,Co Wicklow,-8.21
2020-07-31,Dublin 4,-5.06
2020-07-31,Sligo,-23.85
2020-07-31,West Cork,-8.57
2020-07-31,Dublin 12,-5.06
2020-07-30,West Cork,10.0
2020-07-30,Co. Limerick,-2.17
2020-07-30,Dublin 18,-8.42
2020-07-30,Waterford,-10.42
2020-07-30,R14 NV67,-2.05
2020-07-30,Wexford,-3.39
2020-07-30,V92 H4FD,-7.14
2020-07-30,F91 RK58,-4.15
2020-07-30,Limerick,1.65
2020-07-30,Laois,-6.45
2020-07-30,Limerick,-26.67
2020-07-30,N91CF43,-4.55
2020-07-30,Wexford,-3.03
2020-07-30,County Dublin,5.79
2020-07-30,X91 YKR6,17.78
2020-07-30,Waterford,-4.05
2020-07-30,East Cork,-9.3
2020-07-30,Dublin 11,-3.85
2020-07-30,Dublin 11,-4.88
2020-07-30,Tipperary,-2.86
2020-07-30,Roscommon,-0.43
2020-07-30,Kilkenny,1.11
2020-07-29,Y25F2V1,6.67
2020-07-29,Dublin 14,-10.0
2020-07-29,F92 D2KN,-6.88
2020-07-29,Cavan,-3.88
2020-07-29,Kerry,-14.29
2020-07-29,Dublin 8,-9.09
2020-07-29,Galway,-4.25
2020-07-29,Tipperary,-11.76
2020-07-29,Wexford,-2.11
2020-07-29,Wexford,-3.33
2020-07-29,Sligo,-15.56
2020-07-29,Donegal,6.67
2020-07-29,Carlow,-5.06
2020-07-29,Cork City,3.08
2020-07-29,Kerry,-7.04
2020-07-29,Clare,-14.57
2020-07-29,Kerry,6.73
2020-07-29,E91 VF77,30.77
2020-07-29,Meath,-15.38
2020-07-29,Co. Kildare,4.65
2020-07-29,Donegal,2.78
2020-07-29,Dublin 5 DO5 X2P8,-10.42
2020-07-29,Laois,4.65
2020-07-29,Dublin 5,-3.13
2020-07-29,Galway,-12.33
2020-07-29,Galway,-24.24
2020-07-29,Leitrim,-20.13
2020-07-29,Galway,-13.64
2020-07-29,Cork,-2.61
2020-07-28,Laois,0.94
2020-07-28,Laois,4.65
2020-07-28,Laois,4.65
2020-07-28,Co. Dublin,-3.66
2020-07-28,Offaly,-3.24
2020-07-28,Meath,-1.79
2020-07-28,Offaly,-2.78
2020-07-28,Galway,7.41
2020-07-28,Dublin,-5.06
2020-07-28,Dublin 8,-6.91
2020-07-28,Dublin 9,5.04
2020-07-28,Carlow,-4.18
2020-07-28,Wexford,-2.89
2020-07-28,Co. Wicklow,-6.27
2020-07-28,Dublin 13,-4.0
2020-07-28,Donegal,55.56
2020-07-28,Co. Cork.,-14.0
2020-07-28,Offaly,-9.09
2020-07-28,Dublin 9,-1.49
2020-07-28,Dublin 8,-5.08
2020-07-28,Dublin,-3.34
2020-07-28,Longford,-12.5
2020-07-28,Cork,6.25
2020-07-28,Dublin 14,-4.04
2020-07-28,Dublin 1,-10.77
2020-07-28,Limerick,-4.11
2020-07-28,Dublin,-12.0
2020-07-28,Cork City,-7.59
2020-07-28,Carlow,-6.7
2020-07-27,Co. Limerick,-11.58
2020-07-27,Co. Kildare,-3.23
2020-07-27,Dublin 24,-3.81
2020-07-27,Co. Wicklow,-9.68
2020-07-27,Co. Wicklow,-7.85
2020-07-27,Cork,3.77
2020-07-27,Limerick,-3.46
2020-07-27,Galway City,-7.55
2020-07-27,Clare,-14.29
2020-07-27,Kildare,-6.85
2020-07-27,Dublin 11,-4.44
2020-07-27,Waterford,-6.67
2020-07-27,Waterford,-4.04
2020-07-27,Waterford,-3.08
2020-07-27,Co Cork,-26.32
2020-07-27,Wexford,-3.24
2020-07-27,Cork,-4.08
2020-07-27,Donegal,-3.85
2020-07-27,Borris,-23.08
2020-07-27,Borris,-23.08
2020-07-27,County Dublin,-0.8
2020-07-27,Co. Dublin K32 N735,-3.78
2020-07-27,Co. Dublin K32C782,-3.77
2020-07-27,Dublin 15,-4.55
2020-07-26,Dublin 4,-2.95
2020-07-25,Dublin 15,-3.03
2020-07-25,Meath,2.63
2020-07-25,Galway,-6.67
2020-07-24,Cork,13.76
2020-07-24,Dublin 2,-7.14
2020-07-24,Dublin 8,-7.14
2020-07-24,Co Meath,-2.15
2020-07-24,Dublin,-6.0
2020-07-24,Galway,20.0
2020-07-24,Dublin 8,7.69
2020-07-24,Y34 D432,-9.09
2020-07-24,F28 HD60,-5.66
2020-07-24,Wexford,-5.59
2020-07-24,Tipperary,-7.65
2020-07-24,Laois,6.25
2020-07-24,Offaly,28.89
2020-07-24,Dublin 18,-9.21
2020-07-24,Cork,-12.0
2020-07-24,Co. Galway,22.86
2020-07-24,Donegal,11.11
2020-07-24,Waterford,4.32
2020-07-24,Wexford,-6.98
2020-07-24,Co. Galway,-27.27
2020-07-24,Meath,-6.25
2020-07-24,Wicklow,-8.21
2020-07-24,Cork,-8.07
2020-07-24,Wexford,7.69
2020-07-24,Kerry,-21.43
2020-07-23,Mayo,1.33
2020-07-23,Cork,-4.18
2020-07-23,Y21DK31,-8.26
2020-07-23,Dublin 14,17.78
2020-07-23,Kildare,-9.14
2020-07-23,Wexford,23.81
2020-07-23,Roscommon,-8.0
2020-07-23,Mayo,-12.31
2020-07-23,Co. Wicklow,-5.61
2020-07-23,Co. Roscommon,-8.81
2020-07-23,Wicklow,-4.35
2020-07-23,Dublin 9,-2.02
2020-07-23,Tipperary,-6.67
2020-07-23,Waterford,-3.06
2020-07-23,Kerry,-5.41
2020-07-23,Dublin 1,-12.79
2020-07-23,Kildare,-6.38
2020-07-23,Wicklow,-4.0
2020-07-23,Co. Galway,50.0
2020-07-23,Dublin,-2.7
2020-07-23,Limerick,-6.52
2020-07-23,Donegal,-10.0
2020-07-23,Cork,-11.24
2020-07-23,Wexford,-5.05
2020-07-22,Dublin 8,12.66
2020-07-22,Dublin 12,7.14
2020-07-22,Y35 YC86,2.41
2020-07-22,Clare,-2.02
2020-07-22,Wicklow,-2.86
2020-07-22,Kildare,13.64
2020-07-22,Dublin 7,-3.93
2020-07-22,P61 KP96,-2.63
2020-07-22,Meath,-2.56
2020-07-22,Dublin 8,-8.0
2020-07-22,Dublin 6,-10.61
2020-07-22,County Dublin,-2.22
2020-07-22,Sligo,-20.37
2020-07-22,Monaghan,-6.67
2020-07-22,Sligo,25.58
2020-07-22,Dublin 8,13.33
2020-07-22,Monaghan,7.14
2020-07-22,Kilkenny,-2.82
2020-07-22,Mayo,-17.5
2020-07-22,Limerick,-6.06
2020-07-22,Meath,-26.09
2020-07-22,Co. Louth,6.15
2020-07-22,Co. Cork,5.06
2020-07-22,Dublin 15,-8.11
2020-07-22,H54 CA26,-2.23
2020-07-22,A86D6Y0,-5.0
2020-07-22,Donegal,-2.78
2020-07-22,Wexford,-3.6
2020-07-22,Kildare,-6.67
2020-07-22,Co Leitrim N41 Y726,-14.57
2020-07-22,Wicklow,-5.66
2020-07-22,Wicklow,-4.44
2020-07-22,Tipperary,-14.0
2020-07-22,Louth,-1.79
2020-07-22,Wicklow,-3.9
2020-07-22,Wexford,-6.12
2020-07-22,Limerick,5.88
2020-07-22,Limerick,-6.06
2020-07-22,Wexford,-7.14
2020-07-22,Kildare,-0.38
2020-07-22,Kildare,-2.94
2020-07-21,Dublin 7,-3.64
2020-07-21,Co. Offaly,-4.0
2020-07-21,Co. Dublin,-2.86
2020-07-21,Roscommon,-8.0
2020-07-21,Y35 HN25,8.04
2020-07-21,Waterford,-7.44
2020-07-21,Dublin 6,-10.53
2020-07-21,C15 XR0F,-2.0
2020-07-21,Cork City,-9.34
2020-07-21,Dublin 7,-13.79
2020-07-21,Waterford,-0.8
2020-07-21,Wicklow,-6.47
2020-07-21,Co Cork,-5.71
2020-07-21,Cork City,-1.68
2020-07-21,Kerry,-8.33
2020-07-21,Offaly,-4.55
2020-07-21,Dublin 4,-8.6
2020-07-21,Cork,-6.78
2020-07-21,Wexford,-10.0
2020-07-21,Cork,-8.46
2020-07-21,Cork City,-4.4
2020-07-21,Cork,-5.0
2020-07-21,Meath,-4.6
2020-07-21,Dublin 11,-7.48
2020-07-21,Dublin 11,-6.0
2020-07-21,Main St. Ardfinnan,-12.5
2020-07-21,Waterford,-12.12
2020-07-21,Dublin 18,-4.84
2020-07-21,County Dublin,-1.38
2020-07-20,Co. Galway,20.0
2020-07-20,Co. Kilkenny,-7.75
2020-07-20,Co. Wexford,3.7
2020-07-20,A67 YD88,-7.69
2020-07-20,Cork City,-11.43
2020-07-20,Dublin 24,-5.9
2020-07-20,Galway,-17.65
2020-07-20,Dublin 8,27.27
2020-07-20,Cavan,-10.26
2020-07-20,Kerry,9.26
2020-07-20,R93 K7P1,-3.51
2020-07-20,Wexford,-8.0
2020-07-20,Wexford,-20.45
2020-07-20,Carlow,-7.69
2020-07-20,Cummerstown,12.5
2020-07-20,Dublin 3,-5.0
2020-07-20,Y21DK31,-12.8
2020-07-20,Co. Tipperary,-11.32
2020-07-20,Carlow,-3.77
2020-07-20,Wexford,10.17
2020-07-20,Co. Wicklow,-3.9
2020-07-20,Dublin 8,15.56
2020-07-20,Kerry,3.64
2020-07-20,Roscommon,14.29
2020-07-20,Sligo,-4.11
2020-07-20,Meath,-8.51
2020-07-19,Carlow,14.29
2020-07-19,Dublin,4.18
2020-07-18,Wexford,-3.76
2020-07-18,Dublin,-3.46
2020-07-17,Dublin 6W,-3.7
2020-07-17,Dublin 9,6.06
2020-07-17,W91 EV66,-4.22
2020-07-17,Dublin 24,5.88
2020-07-17,Y35NP82,-14.05
2020-07-17,F26 PD62,-9.09
2020-07-17,Dublin 15,-6.78
2020-07-17,Cork,-7.14
2020-07-17,Laois,-4.17
2020-07-17,Dublin 14,-3.23
2020-07-17,Cork City,5.0
2020-07-17,Roscommon,-10.79
2020-07-17,Roscommon,-11.11
2020-07-17,Roscommon,3.48
2020-07-17,Roscommon,-11.54
2020-07-17,Cavan,-3.85
2020-07-17,Limerick,-5.0
2020-07-17,Dublin 9,-5.71
2020-07-17,Dublin 9,6.06
2020-07-17,Roscommon,-15.56
2020-07-17,Mayo,-8.0
2020-07-17,Co. Mayo,-12.77
2020-07-17,West Cork,-3.03
2020-07-17,Laois,-4.17
2020-07-17,Wexford,-8.51
2020-07-17,W91 K8P3,-0.83
2020-07-17,Laois,-3.03
2020-07-17,Meath,-9.52
2020-07-17,Dublin 24,-1.98
2020-07-17,Kerry,-7.44
2020-07-17,Cork,6.38
2020-07-17,Clare,-15.71
2020-07-17,Cavan,-2.82
2020-07-17,Dublin 11,-10.0
2020-07-17,Dublin 14,-4.14
2020-07-16,Leitrim,-6.71
2020-07-16,Dublin 12,-7.81
2020-07-16,Offaly,-9.09
2020-07-16,Dublin 5,-3.23
2020-07-16,P85 T973,-13.33
2020-07-16,Co Meath,17.24
2020-07-16,Dublin 15,-4.48
2020-07-16,Kildare,-1.98
2020-07-16,E41 AF89,-11.76
2020-07-16,Wicklow,-3.64
2020-07-16,Cork,9.52
2020-07-16,Waterford,-8.92
2020-07-16,Dublin 13,-5.88
2020-07-16,D18 CX89,-3.41
2020-07-16,Moate,-8.0
2020-07-16,Co. Limerick,-1.97
2020-07-16,Co. Longford,-9.09
2020-07-16,K32CK76,-7.12
2020-07-16,Dublin 3,-10.05
2020-07-16,County Dublin,-9.91
2020-07-16,R35 RV10,-13.04
2020-07-16,Co. Dublin,-5.0
2020-07-16,Wexford,-16.67
2020-07-16,Dublin,-3.27
2020-07-16,Limerick,-11.38
2020-07-16,Co. Dublin K34 T382,6.92
2020-07-16,N37 RK37,-8.65
2020-07-15,Wicklow,-8.89
2020-07-15,Wicklow,-6.35
2020-07-15,Cork,-12.0
2020-07-15,Longford,6.44
2020-07-15,Wexford,-16.67
2020-07-15,Laois,-6.45
2020-07-15,Wicklow,-3.45
2020-07-15,Dublin,-2.55
2020-07-15,Kerry,-9.17
2020-07-15,County Dublin,4.55
2020-07-15,Dublin,-5.36
2020-07-15,Laois,2.7
2020-07-15,Co Meath,25.0
2020-07-15,Co. Meath,17.86
2020-07-15,E25V997,-16.0
2020-07-15,P72 X658,-9.29
2020-07-15,Galway City,-9.11
2020-07-15,Dublin 15,-5.57
2020-07-15,Dublin 4,-9.09
2020-07-15,R35E225,-8.33
2020-07-15,Co. Meath,12.99
2020-07-15,Wexford,9.66
2020-07-15,Y35 HN25,-7.44
2020-07-15,Wicklow,-20.0
2020-07-15,Westmeath,-1.98
2020-07-15,Kerry,8.0
2020-07-15,Dublin 11,-6.8
2020-07-15,Wicklow,-0.83
2020-07-15,Dublin 6,4.0
2020-07-15,Dublin 24,5.63
2020-07-15,Donegal,5.71
2020-07-15,Wexford,-13.79
2020-07-15,Wexford,-12.12
2020-07-15,Dublin 4,-12.0
2020-07-14,Kilkenny,-7.5
2020-07-14,Co Meath,21.28
2020-07-14,A92X4KN,16.46
2020-07-14,Tipperary,-8.7
2020-07-14,Co. Dublin,-4.01
2020-07-14,Dublin 4,1.79
2020-07-14,Cork,16.22
2020-07-14,Kildare,-3.64
2020-07-14,Sligo,-21.21
2020-07-14,Dublin 6,-8.0
2020-07-14,V31 AK12,-11.85
2020-07-14,Co. Waterford,66.67
2020-07-14,R93 W2H2,-22.91
2020-07-14,Dublin 8,-5.56
2020-07-14,Meath,-1.67
2020-07-14,H12 PH36,-24.0
2020-07-14,Laois,-11.46
2020-07-14,Galway,50.51
2020-07-14,Dublin 12,-5.66
2020-07-14,Wexford,-2.17
2020-07-14,Dublin 20,-11.12
2020-07-14,Longford,11.11
2020-07-14,Meath,-5.4
2020-07-13,Galway,-40.5
2020-07-13,Dublin,2.94
2020-07-13,Roscommon,-1.71
2020-07-13,P17 KP83,-4.12
2020-07-13,Donegal,-10.26
2020-07-13,A83 AD79,8.33
2020-07-13,Dublin 11,-2.04
2020-07-13,Dublin 2,-15.71
2020-07-13,Dublin 2,-15.71
2020-07-13,Dublin 8,15.0
2020-07-13,West Cork,-10.14
2020-07-13,Kildare,3.57
2020-07-13,Co Kerry,1.59
2020-07-13,Dublin,-4.14
2020-07-13,Wexford,-12.0
2020-07-13,R93 AY22,-10.0
2020-07-13,W91 K8P3,-2.03
2020-07-13,Kildare,-13.33
2020-07-13,Louth,-10.34
2020-07-13,H91 YPP2,-5.52
2020-07-13,Carlow,-5.26
2020-07-13,X91 A8DW,-6.06
2020-07-13,Co Cork,-7.14
2020-07-13,Dublin 7,-3.08
2020-07-13,Roscommon,-6.4
2020-07-13,Carlow,-58.33
2020-07-13,Cork,-7.53
2020-07-13,Limerick,-7.29
2020-07-13,Cork,-1.47
2020-07-13,Mayo,-26.0
2020-07-13,Mayo,35.14
2020-07-13,Co. Waterford,-5.26
2020-07-13,E45 HV59,6.45
2020-07-13,Mayo,-25.0
2020-07-13,Wicklow,-7.14
2020-07-13,Dublin 18,-3.08
2020-07-13,Mayo,-7.72
2020-07-13,Galway City,-7.04
2020-07-13,Longford,-5.9
2020-07-13,Sligo,-8.42
2020-07-12,Monaghan,6.76
2020-07-11,W23 W2K0,-2.06
2020-07-11,Offaly,-2.94
2020-07-10,E41 FY67,-6.98
2020-07-10,Co. Limerick,-10.0
2020-07-10,Carlow,21.16
2020-07-10,Co. Waterford,-24.0
2020-07-10,X91 DAE0,-7.81
2020-07-10,Co. Carlow,-12.31
2020-07-10,Dublin 18,-2.35
2020-07-10,Y25W2F3,-5.45
2020-07-10,A85 H248,3.06
2020-07-10,Co Leitrim N41 VP98,12.12
2020-07-10,Co. Dublin,-6.03
2020-07-10,Dublin 11,7.81
2020-07-10,Dublin 11,-7.81
2020-07-10,Galway,-7.27
2020-07-10,Clare,14.12
2020-07-10,Wicklow,-8.33
2020-07-10,Wexford,-4.04
2020-07-10,Meath,-2.94
2020-07-10,Westmeath,-2.94
2020-07-10,Dublin 12,-10.61
2020-07-10,Dublin 12,-3.99
2020-07-10,F26 W2A4,-6.78
2020-07-10,Dublin 3,-3.51
2020-07-10,Kildare,-3.51
2020-07-10,Dublin 7,-6.93
2020-07-10,Meath,-3.55
2020-07-10,Dublin,-12.31
2020-07-10,Waterford,-6.29
2020-07-10,Wexford,-1.67
2020-07-10,West Cork,-9.55
2020-07-10,Westmeath,-4.35
2020-07-10,Wicklow,-25.42
2020-07-10,Clare,-6.05
2020-07-09,Co. Waterford,13.21
2020-07-09,West Cork,-9.45
2020-07-09,Co. Limerick,-12.38
2020-07-09,Galway,-11.01
2020-07-09,Waterford,-17.14
2020-07-09,X91 A8DW,3.13
2020-07-09,Dublin 8,-4.35
2020-07-09,Co. Wicklow,-4.62
2020-07-09,Wexford,-6.78
2020-07-09,H54 KV21,-7.69
2020-07-09,Cork,-7.81
2020-07-09,Co. Dublin,-5.24
2020-07-09,Waterford,-6.35
2020-07-09,Waterford,-6.35
2020-07-09,Dublin 8,-16.42
2020-07-09,Dublin 8,-16.42
2020-07-09,Co. Dublin,-3.33
2020-07-09,Dublin 3,-11.11
2020-07-09,Co.Galway,-6.78
2020-07-09,Limerick,34.62
2020-07-09,Mayo,-20.0
2020-07-09,County Dublin,-6.25
2020-07-09,Dublin 5,-3.33
2020-07-09,Dublin 7,-5.27
2020-07-09,Co. Galway,17.65
2020-07-09,Co. Limerick,-11.11
2020-07-09,Dublin 14,-8.33
2020-07-09,Limerick,-3.86
2020-07-09,Limerick,-7.5
2020-07-09,Limerick,-14.29
2020-07-09,Westmeath,-2.48
2020-07-09,Kerry,2.04
2020-07-08,Co. Cork,-13.21
2020-07-08,Dublin 7,-2.99
2020-07-08,Co. Dublin,-9.17
2020-07-08,Co Leitrim N41 DF22,-33.56
2020-07-08,D18 RD21,-4.35
2020-07-08,Dublin 7,-5.06
2020-07-08,Kildare,-4.88
2020-07-08,Galway,-5.13
2020-07-08,Dublin,-5.5
2020-07-08,Dublin 3,-4.17
2020-07-08,Dublin 12,-5.56
2020-07-08,Dublin 12,-6.68
2020-07-08,Wexford,-14.29
2020-07-08,Monaghan,-10.71
2020-07-08,Mayo,-17.08
2020-07-08,Cork,-2.93
2020-07-08,Co Cavan A82 HK71,-16.67
2020-07-08,Co. Meath,-2.5
2020-07-08,Dublin,-6.05
2020-07-08,Y25VH57,-5.0
2020-07-08,D18 A3A4,-3.52
2020-07-08,W91 XP9E,-13.33
2020-07-08,Dublin 18,-1.59
2020-07-08,Y35 VE44,-8.31
2020-07-08,Louth,-9.26
2020-07-08,Cork,-10.18
2020-07-08,Limerick,-6.28
2020-07-08,Limerick,-1.59
2020-07-08,Kilkenny,-3.85
2020-07-08,Cork,7.14
2020-07-08,Dublin 14,-9.55
2020-07-07,Dublin 18,-8.35
2020-07-07,Co. Dublin K32 DP62,-4.08
2020-07-07,Dublin,4.94
2020-07-07,V15 R273,11.11
2020-07-07,F26 C3H9,-13.64
2020-07-07,Co. Wicklow,-2.64
2020-07-07,Co Leitrim N41 D580,-15.63
2020-07-07,Cork,-4.81
2020-07-07,County Meath,-11.16
2020-07-07,Wicklow,-2.82
2020-07-07,Dublin,-9.09
2020-07-07,W91C2R2,0.43
2020-07-07,Dublin 8,18.33
2020-07-07,Dublin 12,-5.88
2020-07-07,Wexford,-4.49
2020-07-07,Limerick,-4.6
2020-07-07,N91R201,-5.24
2020-07-07,Dublin 11,1.4
2020-07-07,Wicklow,-2.79
2020-07-07,Mayo,-36.11
2020-07-07,Tipperary,-5.36
2020-07-07,Wicklow,21.82
2020-07-07,Dublin,-5.03
2020-07-07,Dublin 18,-1.72
2020-07-06,E41 X8C4,-8.46
2020-07-06,Dublin 12,-6.67
2020-07-06,Co. Louth,-2.92
2020-07-06,Dublin 12,-8.32
2020-07-06,Dublin 15,-3.11
2020-07-06,Dublin,-2.0
2020-07-06,Y21ED39,4.76
2020-07-06,Co.Galway,5.41
2020-07-06,Tipperary,-3.57
2020-07-06,Meath,-30.0
2020-07-06,Dublin 24,-2.72
2020-07-06,Kilkenny,15.38
2020-07-06,Kilkenny,-13.33
2020-07-06,Dublin 1,-5.88
2020-07-06,Monaghan,-33.33
2020-07-06,Co. Louth,2.94
2020-07-06,Dublin,2.91
2020-07-06,Dublin 4,13.33
2020-07-06,Dublin 9,-4.4
2020-07-06,Dublin,-7.06
2020-07-06,Galway,8.04
2020-07-06,Mayo,-10.0
2020-07-06,Mayo,-10.0
2020-07-06,Wexford,-5.88
2020-07-06,Waterford,-3.13
2020-07-06,Dublin 12,0.86
2020-07-06,R42 X017,-14.14
2020-07-06,Wicklow,-2.25
2020-07-05,Mayo,-7.02
2020-07-05,Cavan,-2.18
2020-07-05,Wexford,1.89
2020-07-04,Louth,-4.69
2020-07-03,Mayo,-13.09
2020-07-03,N37 YE94,3.17
2020-07-03,Wexford,-7.81
2020-07-03,Cashel,-4.35
2020-07-03,Tipperary,-2.27
2020-07-03,Dublin 7,-1.69
2020-07-03,Dublin 5,-5.56
2020-07-03,H18XN67,4.08
2020-07-03,Cork,-2.78
2020-07-03,Offaly,-4.55
2020-07-03,County Louth,-24.14
2020-07-03,Sligo,5.19
2020-07-03,Waterford,-9.73
2020-07-03,E45 Y576,-16.84
2020-07-03,Co. Dublin K32 RD25,-9.09
2020-07-03,Dualla,-4.35
2020-07-03,Co. Cavan,-16.67
2020-07-03,Co Cavan,-16.67
2020-07-03,P61 FC93,-5.13
2020-07-03,Dublin,-2.0
2020-07-03,Co. Limerick,2.94
2020-07-03,Donegal,-9.23
2020-07-03,Wexford,-5.73
2020-07-03,County Dublin,-6.03
2020-07-03,West Cork,-18.52
2020-07-03,Wicklow,0.71
2020-07-03,Cork,-5.61
2020-07-02,Cork,-2.86
2020-07-02,Co Cavan A82 AT22,-6.67
2020-07-02,Cavan,-33.33
2020-07-02,Waterford,16.0
2020-07-02,Cork,-25.0
2020-07-02,Dublin,-4.82
2020-07-02,N91XW02,-7.14
2020-07-02,Dublin 24,-5.88
2020-07-02,Wexford,-11.54
2020-07-02,Dublin 11,-5.42
2020-07-02,P51XE3C,-5.88
2020-07-02,West Cork,-6.25
2020-07-02,Kildare,-29.73
2020-07-02,Limerick,12.12
2020-07-02,13 Mount Prospect,-2.08
2020-07-01,Galway,-9.86
2020-07-01,P51F6V6,-11.02
2020-07-01,Dublin 5,-3.53
2020-07-01,Dublin 6W,-4.99
2020-07-01,Co. Kildare,11.86
2020-07-01,Tipperary,-7.14
2020-07-01,Donegal,-3.51
2020-07-01,Laois,-3.47
2020-07-01,N37E8Y8,-13.91
2020-07-01,A83 PC79,-6.57
2020-07-01,Dublin 15,-3.9
2020-07-01,Donegal,-9.12
2020-07-01,Waterford,-8.0
2020-07-01,Waterford,-7.41
2020-07-01,County Dublin,-2.7
2020-07-01,Meath,3.64
2020-07-01,Wexford,-3.08
2020-07-01,Dublin 24,-3.55
2020-07-01,Kildare,-2.86
2020-07-01,Waterford,-4.44
2020-07-01,Limerick,-3.61
2020-07-01,Co. Kildare,1.54
2020-07-01,Wicklow,4.35
2020-07-01,Leitrim,-9.98
2020-07-01,Wexford,-18.18
2020-07-01,Offaly,-8.0
2020-07-01,Wexford,-18.18
2020-07-01,Kildare,-6.45
2020-07-01,Kerry,-11.47
2020-07-01,Wexford,-7.14
2020-07-01,Mayo,-5.75
2020-06-30,Dublin 18,-6.6
2020-06-30,Y34F244,-8.03
2020-06-30,Co Offaly,-14.29
2020-06-30,Dublin 15,-3.28
2020-06-30,H12 E6X3,-30.0
2020-06-30,A83 X458,-3.24
2020-06-30,E53 YF22,-1.9
2020-06-30,Louth,-4.55
2020-06-30,Co Cork,-6.67
2020-06-30,Co Cork,6.92
2020-06-30,Wicklow,-1.35
2020-06-30,E41 D8F8,-6.67
2020-06-30,Cork City,3.85
2020-06-30,Dublin 11,-8.57
2020-06-30,Dublin 24,-6.6
2020-06-30,Wexford,50.0
2020-06-30,Dublin 15,-4.77
2020-06-30,Dublin 1,-4.91
2020-06-30,Mayo,-7.55
2020-06-30,Kerry,7.14
2020-06-30,Galway,-20.0
2020-06-30,Cork,-13.33
2020-06-30,Cork,-4.55
2020-06-30,Dublin 18,-4.14
2020-06-30,Kilkenny,-4.0
2020-06-30,Dublin 15,-2.22
2020-06-30,Mayo,-16.0
2020-06-30,Wicklow,-2.27
2020-06-30,Meath,5.26
2020-06-30,Wicklow,-10.17
2020-06-30,Donegal,-35.71
2020-06-30,West Cork,-14.29
2020-06-29,Drummullagh,-6.9
2020-06-29,Ardfinnan E91 DY27,3.13
2020-06-29,Dublin 18,-6.67
2020-06-29,Louth,-18.52
2020-06-29,Laois,-18.18
2020-06-29,Wexford,10.26
2020-06-29,Wexford,-4.02
2020-06-29,Galway,-33.33
2020-06-29,Limerick,-4.0
2020-06-29,Kerry,46.3
2020-06-29,Galway,7.14
2020-06-29,County Dublin,3.03
2020-06-29,Wicklow,-5.71
2020-06-29,Donegal,-6.47
2020-06-29,Mayo,-2.5
2020-06-29,Mayo,2.56
2020-06-29,County Dublin,-2.94
2020-06-29,County Dublin,3.03
2020-06-29,H53 RT22,-4.17
2020-06-29,Tipperary,-11.11
2020-06-29,Waterford,-3.88
2020-06-29,Meath,-2.01
2020-06-29,Cavan,-3.81
2020-06-29,Cork,-5.06
2020-06-29,Wicklow,-5.03
2020-06-29,Westmeath,-2.27
2020-06-29,Wicklow,-5.19
2020-06-29,Cork,11.36
2020-06-29,Dublin 11,5.73
2020-06-29,County Dublin,2.99
2020-06-27,Mayo,-9.13
2020-06-27,Dublin  1,-3.92
2020-06-26,Dublin 8,1.25
2020-06-26,W91X6E4,-11.11
2020-06-26,West Cork,-9.09
2020-06-26,150 Dalton Park,3.67
2020-06-26,Limerick City,-1.0
2020-06-26,H71WY66,7.27
2020-06-26,Dublin 9,-10.0
2020-06-26,Limerick,-5.71
2020-06-26,Co. Kildare,8.0
2020-06-26,Cork City,-3.03
2020-06-26,Wexford,-5.25
2020-06-26,Dublin 24,-10.0
2020-06-26,Cork City,-2.94
2020-06-26,N37 T3P2,-5.45
2020-06-26,Co. Donegal,20.0
2020-06-26,Wexford,-3.03
2020-06-26,Wexford,-2.86
2020-06-26,Waterford,1.36
2020-06-26,V95 V4X8,4.0
2020-06-26,Meath,7.69
2020-06-26,Sligo,-4.68
2020-06-26,Dublin 20,-3.81
2020-06-26,Tipperary,-21.43
2020-06-26,Tipperary,-8.33
2020-06-26,Kerry,7.81
2020-06-26,Wicklow,-1.85
2020-06-26,Leitrim,-16.19
2020-06-26,Leitrim,-11.0
2020-06-26,County Kildare,-13.48
2020-06-25,Leitrim,6.67
2020-06-25,Dublin,-1.6
2020-06-25,Leitrim,15.38
2020-06-25,Dublin 3,-7.41
2020-06-25,Dublin 3,-4.55
2020-06-25,Tipperary,2.22
2020-06-25,Dublin 1,-6.67
2020-06-25,Greenore,-23.08
2020-06-25,Laois,-2.7
2020-06-25,Co. Wexford,-8.75
2020-06-25,Dublin 17,-1.38
2020-06-25,Laois,-20.17
2020-06-25,Louth,1.92
2020-06-25,Dublin,2.32
2020-06-25,Laois,-6.32
2020-06-25,Cork,-10.14
2020-06-25,Dublin 18,-4.92
2020-06-25,Kerry,62.5
2020-06-25,Cork,-4.65
2020-06-24,Wicklow,-4.04
2020-06-24,Dublin 12,-14.29
2020-06-24,N91EN23,-7.14
2020-06-24,Bagenalstown,-5.36
2020-06-24,Cork,-3.54
2020-06-24,R14 XD72,-8.33
2020-06-24,Dublin 11,-5.66
2020-06-24,R93 T2C2,-13.79
2020-06-24,Co. Dublin K32 AE70,-2.87
2020-06-24,Wicklow,3.45
2020-06-24,Dublin 6,0.96
2020-06-24,Kildare,-9.82
2020-06-24,Dublin 13,15.22
2020-06-24,Smithfield.Dublin 7.,-3.51
2020-06-24,P51 XH97,-12.0
2020-06-24,Kildare,-2.27
2020-06-24,Dublin 14,-5.71
2020-06-24,Dublin 14,6.06
2020-06-24,Galway,-7.44
2020-06-24,Galway,-6.35
2020-06-24,Wexford,-6.56
2020-06-24,Donegal,-11.54
2020-06-24,Dublin,1.63
2020-06-23,Laois,-6.67
2020-06-23,Co Offaly,4.02
2020-06-23,Dublin 24,-6.52
2020-06-23,Co. Kildare,-5.68
2020-06-23,P51EE9F,-18.52
2020-06-23,Dublin,-1.67
2020-06-23,Dublin 4,2.46
2020-06-23,Leitrim,18.18
2020-06-23,Co. Waterford,-5.15
2020-06-23,Wicklow,-5.19
